"Feminism Score","Mens Right Score","# of users","Month Number"
"+","+",1,33
"+","+",1,34
"+","+",1,35
"+","-",7,36
"+","+",4,36
"+","-",13,37
"+","+",8,37
"+","-",14,38
"+","+",16,38
"+","-",19,39
"+","+",18,39
"+","-",24,40
"+","+",15,40
"+","-",27,41
"+","+",19,41
"+","-",27,42
"+","+",19,42
"+","-",36,43
"+","+",25,43
"+","-",39,44
"+","+",27,44
"+","-",40,45
"+","+",28,45
"+","-",46,46
"+","+",31,46
"-","-",1,47
"+","-",51,47
"-","+",0,47
"+","+",35,47
"-","-",1,48
"+","-",59,48
"-","+",1,48
"+","+",33,48
"-","-",2,49
"+","-",64,49
"-","+",2,49
"+","+",38,49
"-","-",3,50
"+","-",68,50
"-","+",1,50
"+","+",49,50
"-","-",3,51
"+","-",82,51
"-","+",1,51
"+","+",53,51
"-","-",4,52
"+","-",87,52
"-","+",4,52
"+","+",55,52
"-","-",8,53
"+","-",98,53
"-","+",4,53
"+","+",54,53
"-","-",8,54
"+","-",98,54
"-","+",4,54
"+","+",54,54
"-","-",10,55
"+","-",102,55
"-","+",3,55
"+","+",65,55
"-","-",12,56
"+","-",103,56
"-","+",3,56
"+","+",74,56
"-","-",12,57
"+","-",105,57
"-","+",5,57
"+","+",85,57
"-","-",14,58
"+","-",118,58
"-","+",3,58
"+","+",88,58
"-","-",11,59
"+","-",123,59
"-","+",5,59
"+","+",97,59
"-","-",16,60
"+","-",128,60
"-","+",9,60
"+","+",99,60
"-","-",15,61
"+","-",156,61
"-","+",10,61
"+","+",108,61
"-","-",16,62
"+","-",162,62
"-","+",10,62
"+","+",131,62
"-","-",16,63
"+","-",209,63
"-","+",5,63
"+","+",146,63
"-","-",23,64
"+","-",245,64
"-","+",9,64
"+","+",146,64
"-","-",31,65
"+","-",264,65
"-","+",18,65
"+","+",159,65
"-","-",31,66
"+","-",264,66
"-","+",18,66
"+","+",159,66
"-","-",32,67
"+","-",309,67
"-","+",25,67
"+","+",188,67
"-","-",41,68
"+","-",326,68
"-","+",28,68
"+","+",205,68
"-","-",54,69
"+","-",349,69
"-","+",35,69
"+","+",216,69
"-","-",69,70
"+","-",336,70
"-","+",52,70
"+","+",234,70
"-","-",78,71
"+","-",354,71
"-","+",44,71
"+","+",272,71
"-","-",84,72
"+","-",377,72
"-","+",55,72
"+","+",301,72
"-","-",149,73
"+","-",346,73
"-","+",105,73
"+","+",307,73
"-","-",168,74
"+","-",365,74
"-","+",118,74
"+","+",325,74
"-","-",180,75
"+","-",377,75
"-","+",136,75
"+","+",340,75
"-","-",198,76
"+","-",423,76
"-","+",150,76
"+","+",341,76
"-","-",219,77
"+","-",442,77
"-","+",171,77
"+","+",353,77
"-","-",219,78
"+","-",442,78
"-","+",171,78
"+","+",353,78
"-","-",268,79
"+","-",467,79
"-","+",243,79
"+","+",428,79
"-","-",351,80
"+","-",556,80
"-","+",254,80
"+","+",401,80
"-","-",388,81
"+","-",594,81
"-","+",291,81
"+","+",432,81
"-","-",438,82
"+","-",629,82
"-","+",338,82
"+","+",452,82
"-","-",478,83
"+","-",658,83
"-","+",374,83
"+","+",489,83
"-","-",547,84
"+","-",668,84
"-","+",426,84
"+","+",503,84
"-","-",600,85
"+","-",727,85
"-","+",454,85
"+","+",548,85
"-","-",659,86
"+","-",767,86
"-","+",500,86
"+","+",582,86
"-","-",717,87
"+","-",786,87
"-","+",540,87
"+","+",584,87
"-","-",787,88
"+","-",817,88
"-","+",562,88
"+","+",606,88
"-","-",856,89
"+","-",849,89
"-","+",566,89
"+","+",627,89
"-","-",856,90
"+","-",849,90
"-","+",566,90
"+","+",627,90
"-","-",905,91
"+","-",910,91
"-","+",635,91
"+","+",674,91
"-","-",975,92
"+","-",962,92
"-","+",660,92
"+","+",678,92
"-","-",1057,93
"+","-",966,93
"-","+",704,93
"+","+",702,93
"-","-",1123,94
"+","-",993,94
"-","+",738,94
"+","+",693,94
"-","-",1187,95
"+","-",1007,95
"-","+",741,95
"+","+",703,95
"-","-",1219,96
"+","-",1016,96
"-","+",778,96
"+","+",717,96
"-","-",1249,97
"+","-",1047,97
"-","+",790,97
"+","+",740,97
"-","-",1244,98
"+","-",1034,98
"-","+",868,98
"+","+",756,98
"-","-",1258,99
"+","-",1029,99
"-","+",918,99
"+","+",761,99
"-","-",1290,100
"+","-",1040,100
"-","+",932,100
"+","+",778,100
"-","-",1332,101
"+","-",1059,101
"-","+",923,101
"+","+",793,101
"-","-",1332,102
"+","-",1059,102
"-","+",923,102
"+","+",793,102
"-","-",1360,103
"+","-",1086,103
"-","+",950,103
"+","+",823,103
"-","-",1385,104
"+","-",1090,104
"-","+",976,104
"+","+",836,104
"-","-",1422,105
"+","-",1095,105
"-","+",997,105
"+","+",847,105
"-","-",1439,106
"+","-",1097,106
"-","+",1031,106
"+","+",852,106
"-","-",1474,107
"+","-",1096,107
"-","+",1058,107
"+","+",864,107
"-","-",1501,108
"+","-",1094,108
"-","+",1087,108
"+","+",863,108
"-","-",1520,109
"+","-",1091,109
"-","+",1092,109
"+","+",867,109
"-","-",1528,110
"+","-",1096,110
"-","+",1111,110
"+","+",878,110
"-","-",1542,111
"+","-",1106,111
"-","+",1124,111
"+","+",881,111
"-","-",1572,112
"+","-",1138,112
"-","+",1106,112
"+","+",875,112
"-","-",1575,113
"+","-",1135,113
"-","+",1122,113
"+","+",896,113
"-","-",1575,114
"+","-",1135,114
"-","+",1122,114
"+","+",896,114
"-","-",1610,115
"+","-",1146,115
"-","+",1122,115
"+","+",906,115
"-","-",1618,116
"+","-",1145,116
"-","+",1143,116
"+","+",914,116
"-","-",1617,117
"+","-",1143,117
"-","+",1167,117
"+","+",918,117
"-","-",1629,118
"+","-",1142,118
"-","+",1185,118
"+","+",922,118
"-","-",1654,119
"+","-",1128,119
"-","+",1189,119
"+","+",933,119
"-","-",1669,120
"+","-",1128,120
"-","+",1197,120
"+","+",937,120
"-","-",1685,121
"+","-",1135,121
"-","+",1209,121
"+","+",944,121
"-","-",1713,122
"+","-",1144,122
"-","+",1199,122
"+","+",943,122
"-","-",1710,123
"+","-",1145,123
"-","+",1225,123
"+","+",949,123
"-","-",1741,124
"+","-",1145,124
"-","+",1221,124
"+","+",936,124
"-","-",1752,125
"+","-",1145,125
"-","+",1232,125
"+","+",937,125
"-","-",1752,126
"+","-",1145,126
"-","+",1232,126
"+","+",937,126
"-","-",1779,127
"+","-",1152,127
"-","+",1222,127
"+","+",940,127
"-","-",1778,128
"+","-",1154,128
"-","+",1235,128
"+","+",944,128
"-","-",1782,129
"+","-",1154,129
"-","+",1244,129
"+","+",939,129
"-","-",1790,130
"+","-",1146,130
"-","+",1253,130
"+","+",936,130
"-","-",1796,131
"+","-",1149,131
"-","+",1259,131
"+","+",929,131
"-","-",1804,132
"+","-",1149,132
"-","+",1265,132
"+","+",924,132
"-","-",1811,133
"+","-",1145,133
"-","+",1266,133
"+","+",920,133
